Canonical SMILES,Y
C#CC1(O)CCC2C3CCC4=CC(=O)CCC4C3CCC21C,0
C#CC1(O)CCC2C3CCC4=CC(=O)CCC4C3CCC21CC,0
C#CC1(OC(N)=O)CCCCC1,0
C#CCN(C)C(C)Cc1ccccc1,0
C#CCN(C)Cc1ccccc1,0
C#C[C@]1(O)CC[C@H]2[C@@H]3CCC4=CC(=O)CC[C@@H]4[C@H]3CC[C@@]21C,1
C#C[C@]1(O)CC[C@H]2[C@@H]3CCC4=Cc5oncc5C[C@]4(C)[C@H]3CC[C@@]21C,1
C#C[C@]1(O)CC[C@H]2[C@@H]3CCc4cc(O)ccc4[C@H]3CC[C@@]21C,1
C#C[C@]1(O)CC[C@H]2[C@@H]3CCc4cc(OC)ccc4[C@H]3CC[C@@]21C,1
C#C[C@]1(OC(C)=O)CC[C@H]2[C@@H]3CCC4=C[C@@H](OC(C)=O)CC[C@@H]4[C@H]3CC[C@@]21C,1
C(=Cc1ccccc1)CN1CCN(C(c2ccccc2)c2ccccc2)CC1,1
C/C=C/C[C@@H](C)[C@@H](O)[C@H]1C(=O)N[C@@H](CC)C(=O)N(C)CC(=O)N(C)[C@@H](CC(C)C)C(=O)N[C@@H](C(C)C)C(=O)N(C)[C@@H](CC(C)C)C(=O)N[C@@H](C)C(=O)N[C@H](C)C(=O)N(C)[C@@H](CC(C)C)C(=O)N(C)[C@@H](CC(C)C)C(=O)N(C)[C@@H](C(C)C)C(=O)N1C,1
C1CCC(C(CC2CCCCN2)C2CCCCC2)CC1,1
C1CNCCN1,0
C1COCCO1,1
C=C(CC)C(=O)c1ccc(OCC(=O)O)c(Cl)c1Cl,1
C=C(c1ccc(C(=O)O)cc1)c1cc2c(cc1C)C(C)(C)CCC2(C)C,1
C=C1CC[C@H](O)C/C1=C/C=C1\CCC[C@@]2(C)[C@H]1CC[C@@H]2[C@H](C)/C=C/[C@H](C)C(C)C,0
C=CC(N)CCC(=O)O,1
C=CCC1(C(C)C)C(=O)NC(=O)NC1=O,0
C=CCC1(C(C)CC)C(=O)NC(=O)NC1=O,0
C=CCC1(C(C)CCC)C(=O)NC(=S)NC1=O,0
C=CCC1(CC(C)C)C(=O)NC(=O)NC1=O,0
C=CCN1CCCC1CNC(=O)c1cc2[nH]nnc2cc1OC,0
C=CCNc1nc(NCC=C)nc(N2CCN(C(c3ccc(F)cc3)c3ccc(F)cc3)CC2)n1,1
C=CCOc1ccc(CC(=O)O)cc1Cl,1
C=CC[N+]1(C2CC3C4CCC5CC(O)C(N6CCOCC6)CC5(C)C4CCC3(C)C2OC(C)=O)CCCC1,0
C=CCc1ccc(O)c(OC)c1,0
C=CCc1ccccc1OCC(O)CNC(C)C,0
C=C[C@H]1CN2CC[C@H]1C[C@@H]2[C@@H](O)c1ccnc2ccc(OC)cc12,1
C=C[C@H]1CN2CC[C@H]1C[C@H]2[C@H](O)c1ccnc2ccc(OC)cc12,1
CC(=O)C(=O)O,0
CC(=O)CC(c1ccc([N+](=O)[O-])cc1)c1c(O)c2ccccc2oc1=O,1
CC(=O)CC(c1ccccc1)c1c(O)c2ccccc2oc1=O,1
CC(=O)CCCCn1c(=O)c2c(ncn2C)n(C)c1=O,1
CC(=O)N1CCN(c2ccc(OCC3COC(Cn4ccnc4)(c4ccc(Cl)cc4Cl)O3)cc2)CC1,1
CC(=O)N=c1sc(S(N)(=O)=O)nn1C,1
CC(=O)NO,0
CC(=O)N[C@@H](CS)C(=O)O,0
CC(=O)Nc1ccc(O)cc1,1
CC(=O)Nc1ccc(OCC(O)CNC(C)C)cc1,1
CC(=O)Nc1nnc(S(N)(=O)=O)s1,1
CC(=O)OC(C)C[N+](C)(C)C,0
CC(=O)OC12COC1CC(O)C1(C)C(=O)C(O)C3=C(C)C(OC(=O)C(O)C(NC(=O)OC(C)(C)C)c4ccccc4)CC(O)(C(OC(=O)c4ccccc4)C21)C3(C)C,1
CC(=O)OC1C(=O)C2(C)C(O)CC3OCC3(OC(C)=O)C2C(OC(=O)c2ccccc2)C2(O)CC(OC(=O)C(O)C(NC(=O)c3ccccc3)c3ccccc3)C(C)=C1C2(C)C,1
CC(=O)OCC1=C(C(=O)O)N2C(=O)C(NC(=O)Cc3cccs3)C2SC1,1
CC(=O)OCC[N+](C)(C)C,0
CC(=O)O[C@H]1C(=O)[C@]2(C)[C@@H](O)C[C@H]3OC[C@@]3(OC(C)=O)[C@H]2[C@H](OC(=O)c2ccccc2)[C@]2(O)C[C@H](OC(=O)[C@H](O)[C@@H](NC(=O)c3ccccc3)c3ccccc3)C(C)=C1C2(C)C,1
CC(=O)O[C@]1(C(C)=O)CC[C@H]2[C@@H]3C[C@H](C)C4=CC(=O)CC[C@]4(C)[C@H]3CC[C@@]21C,1
CC(=O)Oc1cc(C(C)C)c(OCCN(C)C)cc1C,1
CC(=O)Oc1cc2c(s1)CCN(C(C(=O)C1CC1)c1ccccc1F)C2,0
CC(=O)Oc1cccc2c1C(=O)c1c(OC(C)=O)cc(C(=O)O)cc1C2=O,1
CC(=O)Oc1ccccc1C(=O)Nc1ncc([N+](=O)[O-])s1,1
CC(=O)Oc1ccccc1C(=O)O,0
CC(=O)S[C@@H]1CC2=CC(=O)CC[C@]2(C)[C@H]2CC[C@@]3(C)[C@@H](CC[C@@]34CCC(=O)O4)[C@@H]21,1
CC(=O)[C@H]1CC[C@H]2[C@@H]3CCC4=CC(=O)CC[C@]4(C)[C@H]3CC[C@]12C,1
CC(=O)c1ccc(S(=O)(=O)NC(=O)NC2CCCCC2)cc1,1
CC(=O)c1ccc2c(c1)N(CC(C)N(C)C)c1ccccc1S2,0
CC(=O)c1ccc2c(c1)N(CCCN(C)C)c1ccccc1S2,0
CC(C(=O)O)c1ccc(-c2ccccc2)c(F)c1,1
CC(C(=O)O)c1ccc(C(=O)c2ccccc2)s1,1
CC(C(=O)O)c1ccc(C(=O)c2cccs2)cc1,1
CC(C(=O)O)c1ccc(CC2CCCC2=O)cc1,1
CC(C(=O)O)c1ccc2c(c1)[nH]c1ccc(Cl)cc12,1
CC(C(=O)O)c1cccc(Oc2ccccc2)c1,1
CC(C)(C(=O)O)c1ccc(C(O)CCCN2CCC(C(O)(c3ccccc3)c3ccccc3)CC2)cc1,0
CC(C)(C)C(=O)OCOP(=O)(COCCn1cnc2c(N)ncnc21)OCOC(=O)C(C)(C)C,1
CC(C)(C)NC(=O)C1CN(Cc2cccnc2)CCN1CC(O)CC(Cc1ccccc1)C(=O)NC1c2ccccc2CC1O,1
CC(C)(C)NCC(O)COc1cccc2c1C[C@H](O)[C@H](O)C2,0
CC(C)(C)NCC(O)c1ccc(O)c(CO)c1,0
CC(C)(C)c1cc(C(C)(C)C)c(NC(=O)c2c[nH]c3ccccc3c2=O)cc1O,1
CC(C)(C)c1ccc(CN2CCN(C(c3ccccc3)c3ccc(Cl)cc3)CC2)cc1,0
CC(C)(CO)C(O)C(=O)NCCC(=O)O,0
CC(C)(N)Cc1ccccc1,0
CC(C)(O)c1ccccc1CC[C@@H](SCC1(CC(=O)O)CC1)c1cccc(/C=C/c2ccc3ccc(Cl)cc3n2)c1,1
CC(C)=CCN1CCC2(C)c3cc(O)ccc3CC1C2C,0
CC(C)C(=O)Nc1ccc([N+](=O)[O-])c(C(F)(F)F)c1,1
CC(C)C(=O)c1c(C(C)C)nn2ccccc12,0
CC(C)CN(CC(O)C(Cc1ccccc1)NC(=O)OC1COC2OCCC12)S(=O)(=O)c1ccc(N)cc1,1
CC(C)Cc1ccc(C(C)C(=O)O)cc1,1
CC(C)Cn1cnc2c(N)nc3ccccc3c21,1
CC(C)N=c1cc2n(-c3ccc(Cl)cc3)c3ccccc3nc-2cc1Nc1ccc(Cl)cc1,1
CC(C)NCC(O)COc1ccc(COCCOC(C)C)cc1,1
CC(C)NCC(O)c1cc(O)cc(O)c1,0
CC(C)NCC(O)c1ccc(O)c(O)c1,0
CC(C)O,0
CC(C)OC(=O)C(C)(C)Oc1ccc(C(=O)c2ccc(Cl)cc2)cc1,1
CC(C)OP(=O)(F)OC(C)C,0
CC(C)[N+](C)(CCOC(=O)C1c2ccccc2Oc2ccccc21)C(C)C,0
CC(C)c1c(C(=O)Nc2ccccc2)c(-c2ccccc2)c(-c2ccc(F)cc2)n1CCC(O)CC(O)CC(=O)O,1
CC(C)c1ccc2oc3nc(N)c(C(=O)O)cc3c(=O)c2c1,1
CC(C)c1nc(CN(C)C(=O)N[C@H](C(=O)N[C@@H](Cc2ccccc2)C[C@H](O)[C@H](Cc2ccccc2)NC(=O)OCc2cncs2)C(C)C)cs1,1
CC(C)n1c(C=CC(O)CC(O)CC(=O)O)c(-c2ccc(F)cc2)c2ccccc21,0
CC(C=CC1=C(C)CCCC1(C)C)=CC=CC(C)=CC(=O)O,1
CC(C=CC1=C(C)CCCC1(C)C)=CC=CC(C)=CCO,0
CC(CC1c2ccccc2CCc2ccccc21)CN(C)C,1
CC(CCC(=O)O)C1CCC2C3C(O)CC4CC(O)CCC4(C)C3CCC12C,0
CC(CCc1ccc(O)cc1)NCCc1ccc(O)c(O)c1,0
CC(CCc1ccccc1)NCC(O)c1ccc(O)c(C(N)=O)c1,1
CC(CN1c2ccccc2Sc2cccnc21)N(C)C,0
CC(CNC1CCCCC1)OC(=O)c1ccccc1,0
CC(CO)NC(=O)C1C=C2c3cccc4[nH]cc(c34)CC2N(C)C1,0
CC(COc1ccccc1)N(CCCl)Cc1ccccc1,0
CC(C[N+](C)(C)C)OC(N)=O,0
CC(Cc1ccccc1)NCCC(c1ccccc1)c1ccccc1,1
CC(N)Cc1ccccc1,0
CC(O)(CS(=O)(=O)c1ccc(F)cc1)C(=O)Nc1ccc(C#N)c(C(F)(F)F)c1,1
CC(O)(P(=O)(O)O)P(=O)(O)O,0
CC(OC(=O)NCC1(CC(=O)O)CCCCC1)OC(=O)C(C)C,1
CC(c1cc2ccccc2s1)N(O)C(N)=O,1
CC/C(=C(\c1ccccc1)c1ccc(OCCN(C)C)cc1)c1ccccc1,1
CC1(C)CCC(C)(C)c2cc(NC(=O)c3ccc(C(=O)O)cc3)ccc21,0
CC1(C)NC(=O)N(c2ccc([N+](=O)[O-])c(C(F)(F)F)c2)C1=O,1
CC1(C)SC2C(NC(=O)C(NC(=O)N3CCN(S(C)(=O)=O)C3=O)c3ccccc3)C(=O)N2C1C(=O)O,1
CC1(C)SC2C(NC(=O)Cc3ccccc3)C(=O)N2C1C(=O)O,0
CC1(C)S[C@@H]2[C@H](NC(=O)[C@H](N)c3ccc(O)cc3)C(=O)N2[C@H]1C(=O)O,1
CC1(COc2ccc(CC3SC(=O)NC3=O)cc2)CCCCC1,1
CC12CC3CC(C)(C1)CC(N)(C3)C2,0
CC1=C(/C=C/C(C)=C/C=C/C(C)=C\C(=O)O)C(C)(C)CCC1,1
CC1=C(C(=O)O)N2C(=O)[C@@H](NC(=O)[C@H](N)C3=CCC=CC3)[C@H]2SC1,0
CC1=C(C(=O)O)N2C(=O)[C@@H](NC(=O)[C@H](N)c3ccc(O)cc3)[C@H]2SC1,1
CC1=C(CC(=O)O)c2cc(F)ccc2/C1=C\c1ccc([S+](C)[O-])cc1,1
CC1=CC(=O)N2CC(=O)N(C)c3ccc(Cl)cc3C2(c2ccccc2)O1,0
CC1=NS(=O)(=O)c2cc(Cl)ccc2N1,1
CC1CN(c2cc3c(cc2F)c(=O)c(C(=O)O)cn3-c2ccc(F)cc2F)CCN1,1
CC1COc2c(N3CCN(C)CC3)c(F)cc3c(=O)c(C(=O)O)cn1c23,1
CC1Cc2ccccc2N1NC(=O)c1ccc(Cl)c(S(N)(=O)=O)c1,1
CC1NC(=O)C(N)CNC(=O)C(C2CCN=C(N)N2)NC(=O)C(=CNC(N)=O)NC(=O)C(CNC(=O)CC(N)CCCN)NC1=O.NCCCC(N)CC(=O)NCC1NC(=O)C(CO)NC(=O)C(N)CNC(=O)C(C2CCN=C(N)N2)NC(=O)C(=CNC(N)=O)NC1=O,0
CC1NCCOC1c1ccccc1,0
CCC(=C(c1ccccc1)c1ccc(OCCN(C)C)cc1)c1ccccc1,1
CCC(=O)N(c1ccccc1)C1CCN(CCc2ccccc2)CC1,0
CCC(=O)NS(=O)(=O)c1ccc(-c2c(-c3ccccc3)noc2C)cc1,1
CCC(=O)O,0
CCC(=O)OCC(=O)[C@@]1(OC(=O)CC)[C@@H](C)C[C@H]2[C@@H]3CCC4=CC(=O)C=C[C@]4(C)[C@@]3(Cl)[C@@H](O)C[C@@]21C,0
CCC(=O)c1ccc2c(c1)N(CC(C)N(C)C)c1ccccc1S2,0
CCC(=O)c1ccc2c(c1)N(CCCN1CCN(CCO)CC1)c1ccccc1S2,0
CCC(C)(Oc1ccc(C2(c3ccc(OC(C)(CC)C(=O)O)cc3)CCCCC2)cc1)C(=O)O,1
CCC(CO)NC(=O)C1C=C2c3cccc4[nH]cc(c34)CC2N(C)C1,0
CCC(NC(C)C)C(O)c1ccc(O)c(O)c1,0
CCC(c1ccccc1)c1c(O)c2ccccc2oc1=O,1
CCC1(C)CC(=O)NC1=O,1
CCC1(C)OC(=O)N(C)C1=O,1
CCC1(C2=CCCCCC2)C(=O)NC(=O)NC1=O,0
CCC1(CC)C(=O)NC(=O)N(C)C1=O,0
CCC1(CC)C(=O)NC(=O)NC1=O,0
CCC1(CC)C(=O)NCC(C)C1=O,1
CCC1(O)C(=O)OCc2c1cc1n(c2=O)Cc2cc3c(CN(C)C)c(O)ccc3nc2-1,0
CCC1(O)CC2CN(CCc3c([nH]c4ccccc34)C(C(=O)OC)(c3cc4c(cc3OC)N(C)C3C(O)(C(=O)OC)C(OC(C)=O)C5(CC)C=CCN6CCC43C65)C2)C1,0
CCC1(c2ccccc2)C(=O)NC(=O)N(C)C1=O,1
CCC1(c2ccccc2)C(=O)NC(=O)NC1=O,1
CCC1(c2ccccc2)CCC(=O)NC1=O,1
CCC1(c2ccccc2)NC(=O)N(C)C1=O,1
CCC1=C(C)CN(C(=O)NCCc2ccc(S(=O)(=O)NC(=O)NC3CCC(C)CC3)cc2)C1=O,1
CCC1=C(C)CN(C(=O)NCCc2ccc(S(=O)(=O)NC(=O)N[C@H]3CC[C@H](C)CC3)cc2)C1=O,1
CCC1C(=O)OCC1Cc1cncn1C,0
CCC1NC(=O)c2cc(S(N)(=O)=O)c(Cl)cc2N1,1
CCC1OC(=O)C(C)C(OC2CC(C)(OC)C(O)C(C)O2)C(C)C(OC2OC(C)CC(N(C)C)C2O)C(C)(O)CC(C)C(=O)C(C)C(O)C1(C)O,1
CCCC(=O)OCOC(=O)C1=C(C)NC(C)=C(C(=O)OC)C1c1cccc(Cl)c1Cl,1
CCCC(C)(COC(N)=O)COC(N)=O,1
CCCC(CCC)C(=O)O,1
CCCCC(=O)N(Cc1ccc(-c2ccccc2-c2nnn[nH]2)cc1)[C@H](C(=O)O)C(C)C,1
CCCCC(=O)O,0
CCCCC1(CC)C(=O)NC(=O)NC1=O,0
CCCCC1=NC2(CCCC2)C(=O)N1Cc1ccc(-c2ccccc2-c2nn[nH]n2)cc1,1
CCCCC1C(=O)N(c2ccccc2)N(c2ccc(O)cc2)C1=O,1
CCCCCCCC(=O)O,0
CCCCCCCCCCCCCCCCOP(=O)([O-])OCC[N+](C)(C)C,1
CCCCCCCN(CC)CCCC(O)c1ccc(NS(C)(=O)=O)cc1,0
CCCCCCc1ccc(O)cc1O,0
CCCCCON=O,0
CCCCN1CCCCC1C(=O)Nc1c(C)cccc1C,0
CCCCNC(=O)NS(=O)(=O)c1ccc(C)cc1,1
CCCCNc1cc(C(=O)O)cc(S(N)(=O)=O)c1Oc1ccccc1,1
CCCCNc1ccc(C(=O)OCCN(C)C)cc1,0
CCCCOc1cc(C(=O)NCCN(CC)CC)c2ccccc2n1,0
CCCCOc1cc(C(=O)OCCN(CC)CC)ccc1N,0
CCCCOc1ccc(C(=O)CCN2CCCCC2)cc1,0
CCCCOc1ccc(CC(=O)NO)cc1,1
CCCCc1nc(CCCC)n(Cc2ccc(-c3ccccc3-c3nn[nH]n3)nc2)n1,0
CCCCc1nc(Cl)c(CO)n1Cc1ccc(-c2ccccc2-c2nn[nH]n2)cc1,1
CCCCc1nc(Cl)c(CO)n1Cc1ccc(-c2ccccc2-c2nnn[nH]2)cc1,1
CCCCc1ncc(/C=C(\Cc2cccs2)C(=O)O)n1Cc1ccc(C(=O)O)cc1,1
CCCCc1oc2ccccc2c1C(=O)c1cc(I)c(OCCN(CC)CC)c(I)c1,1
CCCN(CCC)S(=O)(=O)c1ccc(C(=O)O)cc1,1
CCCNC(=O)NS(=O)(=O)c1ccc(Cl)cc1,1
CCCNC(C)C(=O)Nc1ccccc1C,0
CCCNCC(O)COc1ccccc1C(=O)CCc1ccccc1,0
CCCOc1ccc(C(=O)OCCN(CC)CC)cc1N,0
CCCOc1ccc2nc(NC(=O)OC)[nH]c2c1,1
CCCS(=O)(=O)Nc1ccc(F)c(C(=O)c2c[nH]c3ncc(-c4ccc(Cl)cc4)cc23)c1F,1
CCCSc1ccc2nc(NC(=O)OC)[nH]c2c1,1
CCCc1cc(=O)[nH]c(=S)[nH]1,1
CCCc1nc(C(C)(C)O)c(C(=O)O)n1Cc1ccc(-c2ccccc2-c2nn[nH]n2)cc1,0
CCCc1nc2c(C)cc(-c3nc4ccccc4n3C)cc2n1Cc1ccc(-c2ccccc2C(=O)O)cc1,1
CCN(C(C)=O)c1cccc(-c2ccnc3c(C#N)cnn23)c1,1
CCN(CC)C(=O)/C(C#N)=C/c1cc(O)c(O)c([N+](=O)[O-])c1,1
CCN(CC)C(=S)SSC(=S)N(CC)CC,1
CCN(CC)CC#CCOC(=O)C(O)(c1ccccc1)C1CCCCC1,0
CCN(CC)CC(=O)Nc1c(C)cccc1C,0
CCN(CC)CCCC(C)Nc1ccnc2cc(Cl)ccc12,1
CCN(CC)CCCN(c1ccccc1)C1Cc2ccccc2C1,1
CCN(CC)CCNC(=O)c1c(C)[nH]c(C=C2C(=O)Nc3ccc(F)cc32)c1C,1
CCN(CC)CCNc1ccc(C)c2sc3ccccc3c(=O)c12,0
CCN(CC)CCOC(=O)C1(C2CCCCC2)CCCCC1,0
CCN(CC)CCOC(=O)c1ccc(N)cc1,0
CCN(CC)CCOCCOC(=O)C1(c2ccccc2)CCCC1,0
CCN(CC)Cc1cc(Nc2ccnc3cc(Cl)ccc23)ccc1O,1
CCN(CCCc1ccccc1)CCCc1ccccc1,0
CCN(Cc1ccncc1)C(=O)C(CO)c1ccccc1,0
CCN1C(=O)NC(c2ccccc2)C1=O,0
CCNC1C2CCC(C2)C1c1ccccc1,0
CCNc1nc(Cl)nc(NC(C)C)n1,1
CCOC(=O)C(C)(C)Oc1ccc(Cl)cc1,1
CCOC(=O)C(CCc1ccccc1)NC(C)C(=O)N1Cc2ccccc2CC1C(=O)O,1
CCOC(=O)C(CCc1ccccc1)NC1CCc2ccccc2N(CC(=O)O)C1=O,1
CCOC(=O)C1(c2ccccc2)CCN(CCC(C#N)(c2ccccc2)c2ccccc2)CC1,0
CCOC(=O)C1(c2ccccc2)CCN(CCc2ccc(N)cc2)CC1,0
CCOC(=O)C1=C(C)NC(C)=C(C(=O)OC)C1c1cccc(Cl)c1Cl,1
CCOC(=O)C1=C(C)NC(C)=C(C(=O)OC)C1c1cccc([N+](=O)[O-])c1,1
CCOC(=O)C=C(C)C=CC=C(C)C=Cc1c(C)cc(OC)c(C)c1C,1
CCOC(=O)CC(SP(=S)(OC)OC)C(=O)OCC,0
CCOC(=O)Nc1ccc(NCc2ccc(F)cc2)cc1N,1
CCOC(=O)Nc1ccc2c(c1)N(C(=O)CCN1CCOCC1)c1ccccc1S2,1
CCOC(=O)[C@H](CCc1ccccc1)N[C@@H](C)C(=O)N1Cc2ccccc2C[C@H]1C(=O)O,1
CCOC(=O)[C@H](CCc1ccccc1)N[C@H]1CCc2ccccc2N(CC(=O)O)C1=O,1
CCOC(=O)c1ccc(C#Cc2ccc3c(c2)C(C)(C)CCS3)nc1,1
CCOC(=O)c1ccc(N)cc1,0
CCOC(=O)c1ccc(OC(=O)CCCCCN=C(N)N)cc1,1
CCOC(=O)n1ccn(C)c1=S,1
CCOP(=O)(OCC)SCC[N+](C)(C)C,0
CCO[C@@H](Cc1ccc(OCCN2c3ccccc3Oc3ccccc32)cc1)C(=O)O,0
CCOc1cc(N)c([N+](=O)[O-])cc1C(=O)NC1CCN(CC2CC=CCC2)CC1,0
CCOc1ccc(NC(C)=O)cc1,1
CCOc1ccc2nc(S(N)(=O)=O)sc2c1,0
CCOc1ccccc1OCC1CNCCO1,1
CCOc1nc2cccc(C(=O)O)c2n1Cc1ccc(-c2ccccc2-c2nnn[nH]2)cc1,1
CCOc1nc2cccc(C(=O)OC(C)OC(=O)OC3CCCCC3)c2n1Cc1ccc(-c2ccccc2-c2nn[nH]n2)cc1,1
CC[C@@H]1C(=O)OC[C@@H]1Cc1cncn1C,0
CC[C@H](C)[C@H](N)C1=N[C@H](C(=O)N[C@@H](CC(C)C)C(=O)N[C@H](CCC(=O)O)C(=O)N[C@H](C(=O)N[C@H]2CCCCNC(=O)[C@H](CC(N)=O)NC(=O)[C@@H](CC(=O)O)NC(=O)[C@H](Cc3cnc[nH]3)NC(=O)[C@@H](Cc3ccccc3)NC(=O)[C@H]([C@@H](C)CC)NC(=O)[C@@H](CCCN)NC2=O)[C@@H](C)CC)CS1,0
CC[C@H]1OC(=O)[C@H](C)[C@@H](O[C@H]2C[C@@](C)(OC)[C@@H](O)[C@H](C)O2)[C@H](C)[C@@H](O[C@@H]2O[C@H](C)C[C@H](N(C)C)[C@H]2O)[C@](C)(O)C[C@@H](C)C(=O)[C@H](C)[C@@H](O)[C@]1(C)O,1
CC[C@H]1OC(=O)[C@H](C)[C@@H](O[C@H]2C[C@@](C)(OC)[C@@H](O)[C@H](C)O2)[C@H](C)[C@@H](O[C@@H]2O[C@H](C)C[C@H](N(C)C)[C@H]2O)[C@](C)(O)C[C@@H](C)CN(C)[C@H](C)[C@@H](O)[C@]1(C)O,1
CC[C@H]1OC(=O)[C@H](C)[C@@H](O[C@H]2C[C@@](C)(OC)[C@@H](O)[C@H](C)O2)[C@H](C)[C@@H](O[C@@H]2O[C@H](C)C[C@H](N(C)C)[C@H]2O)[C@](C)(OC)C[C@@H](C)C(=O)[C@H](C)[C@@H](O)[C@]1(C)O,1
CC[N+](C)(C)Cc1ccccc1Br,0
CC[N+](C)(C)c1cccc(O)c1,0
CC[N+](C)(CC)CCOC(=O)C(O)(c1ccccc1)C1CCCCC1,0
CC[N+](C)(CC)CCOC(=O)C1c2ccccc2Oc2ccccc21,0
CC[N+](CC)(CC)CCC(O)(c1ccccc1)C1CCCCC1,0
CC[N+](CC)(CC)CCOc1cccc(OCC[N+](CC)(CC)CC)c1OCC[N+](CC)(CC)CC.[I-].[I-].[I-],0
CCc1c(C)[nH]c2c1C(=O)C(CN1CCOCC1)CC2,0
CCc1cc(C(N)=S)ccn1,1
CCc1cc2c(s1)N(C)C(=O)CN=C2c1ccccc1Cl,0
CCc1ccc(CCOc2ccc(CC3SC(=O)NC3=O)cc2)nc1,1
CCc1cccc2c3c([nH]c12)C(CC)(CC(=O)O)OCC3,1
CCc1nc(C2CC2)c(C(N)=O)n1Cc1ccc2oc(-c3ccccc3NS(=O)(=O)C(F)(F)F)c(Br)c2c1,0
CCc1nc(N)nc(N)c1-c1ccc(Cl)cc1,1
CCc1nn(CCCN2CCN(c3cccc(Cl)c3)CC2)c(=O)n1CCOc1ccccc1,1
CCc1oc2ccccc2c1C(=O)c1cc(Br)c(O)c(Br)c1,1
CCn1cc(C(=O)O)c(=O)c2cc(F)c(N3CCNC(C)C3)c(F)c21,1
CCn1cc(C(=O)O)c(=O)c2cc(F)c(N3CCNCC3)cc21,1
CCn1cc(C(=O)O)c(=O)c2cc(F)c(N3CCNCC3)nc21,1
CCn1cc(C(=O)O)c(=O)c2ccc(-c3ccncc3)cc21,0
CCn1ccc(NS(=O)(=O)c2ccc(N)cc2)nc1=O,1
CCn1nc(C(=O)O)c(=O)c2cc3c(cc21)OCO3,1
CN(C(=O)CN(CCO)CC(=O)N(C)C(C)(C)Cc1ccccc1)C(C)(C)Cc1ccccc1,0
CN(C)C(=N)N=C(N)N,0
CN(C)C(=N)NC(=N)N,1
CN(C)C(=O)C(CCN1CCC(O)(c2ccc(Cl)cc2)CC1)(c1ccccc1)c1ccccc1,0
CN(C)C(=O)Oc1ccc[n+](C)c1,0
CN(C)C(=O)Oc1cccc([N+](C)(C)C)c1,0
CN(C)C1C(=O)C(C(N)=O)=C(O)C2(O)C(=O)C3=C(O)c4c(O)ccc(Cl)c4C(O)C3CC12,1
CN(C)C=Nc1c(I)cc(I)c(CCC(=O)O)c1I,0
CN(C)CC=C(c1ccc(Br)cc1)c1cccnc1,1
CN(C)CCC(c1ccc(Br)cc1)c1ccccn1,0
CN(C)CCC(c1ccc(Cl)cc1)c1ccccn1,0
CN(C)CCC(c1ccccc1)c1ccccn1,1
CN(C)CCC=C1c2ccccc2CCc2ccccc21,0
CN(C)CCCN1c2ccccc2C(C)(C)c2ccccc21,1
CN(C)CCCN1c2ccccc2CCc2ccc(Cl)cc21,1
CN(C)CCCN1c2ccccc2CCc2ccccc21,1
CN(C)CCCN1c2ccccc2Sc2ccc(Cl)cc21,1
CN(C)CCN(Cc1ccc(Cl)cc1)c1ccccn1,0
CN(C)CCN1C(=O)c2cccc3cc(N)cc(c23)C1=O,1
CN(C)CCOC(=O)C(c1ccccc1)C1(O)CCCC1,0
CN(C)CCOC(C)(c1ccccc1)c1ccccn1,0
CN(C)CCOC(c1ccc(Cl)cc1)c1ccccn1,0
CN(C)CCOC(c1ccccc1)c1ccc(Br)cc1,0
CN(C)CCOC(c1ccccc1)c1ccccc1,0
CN(C)CCn1nnnc1SCC1=C(C(=O)O)N2C(=O)C(NC(=O)Cc3csc(N)n3)C2SC1,1
CN(C)Cc1nnc2n1-c1ccc(Cl)cc1C(c1ccccc1)=NC2,0
CN(C)NN=C1N=CN=C1C(N)=O,1
CN(C)S(=O)(=O)c1ccc2c(c1)N(CCCN1CCC(CCO)CC1)c1ccccc1S2,1
CN(C)[C@@H]1C(O)=C(C(N)=O)C(=O)[C@@]2(O)C(O)=C3C(=O)c4c(O)cccc4[C@@](C)(O)[C@H]3C[C@@H]12,1
CN(C)c1ccc2nc3ccc(=[N+](C)C)cc-3sc2c1.[Cl-],1
CN(CC(=O)O)C(=N)N,0
CN(CCCCCCCCCCN(C)C(=O)Oc1cccc([N+](C)(C)C)c1)C(=O)Oc1cccc([N+](C)(C)C)c1,0
CN(CCOc1ccc(CC2SC(=O)NC2=O)cc1)c1ccccn1,1
CN(CCOc1ccc(NS(C)(=O)=O)cc1)CCc1ccc(NS(C)(=O)=O)cc1,1
CN(Cc1cnc2nc(N)nc(N)c2n1)c1ccc(C(=O)N[C@@H](CCC(=O)O)C(=O)O)cc1,1
CN(N=O)C(=O)NC1C(O)OC(CO)C(O)C1O,1
CN/C(=N/CCSCc1nc[nH]c1C)NC#N,1
CN1C(=O)C(O)N=C(c2ccccc2)c2cc(Cl)ccc21,1
CN1C(=O)C(O)N=C(c2ccccc2Cl)c2cc(Cl)ccc21,1
CN1C(=O)CC(=O)N(c2ccccc2)c2cc(Cl)ccc21,1
CN1C(=O)CC(C)(c2ccccc2)C1=O,1
CN1C(=O)CCS(=O)(=O)C1c1ccc(Cl)cc1,1
CN1C(=O)CN=C(c2ccccc2)c2cc(Cl)ccc21,1
CN1C(=O)CN=C(c2ccccc2F)c2cc(Cl)ccc21,0
CN1C(=O)CN=C(c2ccccc2F)c2cc([N+](=O)[O-])ccc21,1
CN1C(=O)NC(=O)C(C)(C2=CCCCC2)C1=O,0
CN1C(=O)OC(C)(C)C1=O,1
CN1C(C(=O)Nc2ccccn2)=C(O)c2ccccc2S1(=O)=O,1
CN1C(C(=O)Nc2ccccn2)=C(O)c2sc(Cl)cc2S1(=O)=O,1
CN1C(C(=O)Nc2ccccn2)=C(O)c2sccc2S1(=O)=O,1
CN1C(CCl)Nc2cc(Cl)c(S(N)(=O)=O)cc2S1(=O)=O,1
CN1C(CSCC(F)(F)F)Nc2cc(Cl)c(S(N)(=O)=O)cc2S1(=O)=O,1
CN1C2CCC1CC(OC(=O)C(CO)c1ccccc1)C2,0
CN1CCC(=C2c3ccccc3C=Cc3ccccc32)CC1,1
CN1CCC(=C2c3ccccc3CC(=O)c3sccc32)CC1,0
CN1CCC(=C2c3ccccc3CCc3cccnc32)CC1,0
CN1CCC(=C2c3ccccc3CCc3sccc32)CC1,1
CN1CCC23c4c5ccc(O)c4OC2C(=O)CCC3(O)C1C5,0
CN1CCC23c4c5ccc(O)c4OC2C(=O)CCC3C1C5,0
CN1CCC23c4c5ccc(O)c4OC2C(O)C=CC3C1C5,0
CN1CCC2=C(C1)C(c1ccccc1)c1ccccc12,1
CN1CCCC(CC2c3ccccc3Sc3ccccc32)C1,0
CN1CCCC1CCOC(C)(c1ccccc1)c1ccc(Cl)cc1,0
CN1CCCCC1CCN1c2ccccc2Sc2ccc(S(C)=O)cc21,1
CN1CCN(C(c2ccccc2)c2ccc(Cl)cc2)CC1,0
CN1CCN(C2=c3ccccc3=Nc3ccc(Cl)cc3N2)CC1,1
CN1CCN(CC/C=C2/c3ccccc3Sc3ccc(S(=O)(=O)N(C)C)cc32)CC1,1
CN1CCN(CCCN2c3ccccc3Sc3ccc(C(F)(F)F)cc32)CC1,1
CN1CCN(CCCN2c3ccccc3Sc3ccc(Cl)cc32)CC1,1
CN1CCN(CCCN2c3ccccc3Sc3ccc(S(=O)(=O)N(C)C)cc32)CC1,0
CN1CCN(c2c(F)cc3c(=O)c(C(=O)O)cn(CCF)c3c2F)CC1,1
CN1CCN2c3ccccc3Cc3ccccc3C2C1,1
CN1CCN2c3ncccc3Cc3ccccc3C2C1,1
CN1Cc2c(N)cccc2C(c2ccccc2)C1,1
CN1c2c(oc(=O)n(-c3ccccn3)c2=O)-c2ccccc2S1(=O)=O,1
CN1c2ccccc2C(NCCCCCCC(=O)O)c2ccc(Cl)cc2S1(=O)=O,1
CN=C(NC#N)NCCSCc1nc[nH]c1C,1
CN=C(NC)NCc1ccccc1,0
CNC(=O)Oc1ccc2c(c1)C1(C)CCN(C)C1N2C,0
CNC(=O)Oc1ccc2c(c1)[C@]1(C)CCN(C)[C@@H]1N2C,0
CNC(=O)c1cc(Oc2ccc(NC(=O)Nc3ccc(Cl)c(C(F)(F)F)c3)c(F)c2)ccn1,1
CNC(=O)c1ccc(N2C(=S)N(c3ccc(C#N)c(C(F)(F)F)c3)C(=O)C2(C)C)cc1F,1
CNC(C)(C)Cc1ccccc1,0
CNC(C)C(O)c1ccccc1,0
CNC(C)C1CCC(N)C(OC2C(N)CC(N)C(OC3OCC(C)(O)C(NC)C3O)C2O)O1,0
CNC(C)CC1CCCCC1,0
CNC(C)CCC=C(C)C,0
CNC(C)Cc1ccc2c(c1)OCO2,1
CNC(C)Cc1ccccc1,0
CNC1(C)C2CCC(C2)C1(C)C,0
CNC1(c2ccccc2Cl)CCCCC1=O,0
CNC1C(O)C(NC)C2OC3(O)C(=O)CC(C)OC3OC2C1O,0
CNC1C(OC2C(OC3C(O)C(O)C(N=C(N)N)C(O)C3N=C(N)N)OC(C)C2(O)C=O)OC(CO)C(O)C1O,0
CNCC(O)c1ccc(OC(=O)C(C)(C)C)c(OC(=O)C(C)(C)C)c1,0
CNCCC(Oc1cccc2ccccc12)c1cccs1,1
CNCCC=C1c2ccccc2CCc2ccccc21,1
CNCCCC1c2ccccc2C=Cc2ccccc21,0
CNCC[C@@H](Oc1ccccc1C)c1ccccc1,1
CNCCc1ccccn1,1
CNS(=O)(=O)Cc1ccc2[nH]cc(CCN(C)C)c2c1,0
CN[C@@H]1[C@H](O[C@H]2[C@H](O[C@@H]3[C@@H](N=C(N)N)[C@H](O)[C@@H](N=C(N)N)[C@H](O)[C@H]3O)O[C@@H](C)[C@]2(O)C=O)O[C@@H](CO)[C@H](O)[C@H]1O,0
CN[C@H]1CC[C@@H](c2ccc(Cl)c(Cl)c2)c2ccccc21,1
COC(=O)C(c1ccccc1)C1CCCCN1,1
COC(=O)C1=C(C#N)NC(C)=C(C(=O)OC(C)C)C1c1cccc([N+](=O)[O-])c1,1
COC(=O)C1=C(C)NC(C)=C(C(=O)OC(C)(C)CN(C)CCC(c2ccccc2)c2ccccc2)C1c1cccc([N+](=O)[O-])c1,1
COC(=O)C1=C(C)NC(C)=C(C(=O)OC(C)C)C1c1cccc2nonc12,1
COC(=O)C1=C(C)NC(C)=C(C(=O)OC)C1c1ccccc1[N+](=O)[O-],1
COC(=O)C1=C(C)NC(C)=C(C(=O)OCCN(C)Cc2ccccc2)C1c1cccc([N+](=O)[O-])c1,1
COC(=O)C1=C(C)NC(C)=C(C(=O)OCCN2CCN(C(c3ccccc3)c3ccccc3)CC2)C1c1cccc([N+](=O)[O-])c1,1
COC(=O)CCc1ccc(OCC(O)CNC(C)C)cc1,0
COC(=O)Nc1nc2ccc(C(=O)c3ccccc3)cc2[nH]1,1
COC(=O)Nc1nc2ccc(C(=O)c3cccs3)cc2[nH]1,0
COC(F)(F)C(Cl)Cl,1
COC1(NC(=O)Cc2cccs2)C(=O)N2C(C(=O)O)=C(COC(N)=O)CSC21,1
COC1=CC(=O)C[C@@H](C)[C@]12Oc1c(Cl)c(OC)cc(OC)c1C2=O,1
COC1C=COC2(C)Oc3c(C)c(O)c4c(c3C2=O)C(=O)C(=CNN2CCN(C)CC2)C(=C4O)NC(=O)C(C)=CC=CC(C)C(O)C(C)C(O)C(C)C(OC(C)=O)C1C,1
COC1C=COC2(C)Oc3c(C)c(O)c4c(c3C2=O)C2=NC3(CCN(CC(C)C)CC3)NC2=C(NC(=O)C(C)=CC=CC(C)C(O)C(C)C(O)C(C)C(OC(C)=O)C1C)C4=O,1
COC1CC(OC2C(C)C(=O)OC(C)C(C)C(OC(C)=O)C(C)C(=O)C3(CO3)CC(C)C(OC3OC(C)CC(N(C)C)C3OC(C)=O)C2C)OC(C)C1OC(C)=O,1
COCC(=O)O[C@]1(CCN(C)CCCc2nc3ccccc3[nH]2)CCc2cc(F)ccc2[C@@H]1C(C)C,0
COCCCCC(=NOCCN)c1ccc(C(F)(F)F)cc1,0
COCCOC(=O)C1=C(C)NC(C)=C(C(=O)OC(C)C)C1c1cccc([N+](=O)[O-])c1,1
COCCOc1cnc(NS(=O)(=O)c2ccccc2)nc1,0
COCCc1ccc(OCC(O)CNC(C)C)cc1,1
COCc1c(C(C)C)nc(C(C)C)c(/C=C/[C@@H](O)C[C@@H](O)CC(=O)O)c1-c1ccc(F)cc1,1
CO[C@@H]1[C@@H](OC(N)=O)[C@@H](O)[C@H](Oc2ccc3c(O)c(NC(=O)c4ccc(O)c(CC=C(C)C)c4)c(=O)oc3c2C)OC1(C)C,1
CO[C@@]1(NC(=O)C2SC(=C(C(N)=O)C(=O)O)S2)C(=O)N2C(C(=O)O)=C(CSc3nnnn3C)CS[C@@H]21,0
CO[C@@]1(NC(=O)Cc2cccs2)C(=O)N2C(C(=O)O)=C(COC(N)=O)CS[C@@H]21,1
CO[C@H]1C[C@H](O[C@@H]2[C@@H](C)C(=O)O[C@H](C)[C@H](C)[C@H](OC(C)=O)[C@@H](C)C(=O)[C@]3(CO3)C[C@H](C)[C@H](O[C@@H]3O[C@H](C)C[C@H](N(C)C)[C@H]3OC(C)=O)[C@H]2C)O[C@@H](C)[C@@H]1OC(C)=O,1
COc1c(N2CC3CCCNC3C2)c(F)cc2c(=O)c(C(=O)O)cn(C3CC3)c12,1
COc1c(N2CCNC(C)C2)c(F)cc2c(=O)c(C(=O)O)cn(C3CC3)c12,1
COc1cc(C(=O)NS(=O)(=O)c2ccccc2C)ccc1Cc1cn(C)c2ccc(NC(=O)OC3CCCC3)cc12,1
COc1cc(C(C)=O)ccc1OCCCN1CCC(c2noc3cc(F)ccc23)CC1,1
COc1cc(C)c(/C=C/C(C)=C/C=C/C(C)=C/C(=O)O)c(C)c1C,1
COc1cc(CNC(=O)CCCC/C=C/C(C)C)ccc1O,0
COc1cc(Cc2cnc(N)nc2N)cc(OC)c1OC,1
COc1cc(NC(C)CCCN)c2ncccc2c1,0
COc1cc(NS(C)(=O)=O)ccc1Nc1c2ccccc2nc2ccccc12,1
COc1cc([C@@H]2c3cc4c(cc3[C@@H](O[C@@H]3O[C@@H]5CO[C@@H](C)O[C@H]5[C@H](O)[C@H]3O)[C@H]3COC(=O)[C@H]23)OCO4)cc(OC)c1O,1
COc1cc2c(Nc3ccc(Br)cc3F)ncnc2cc1OCC1CCN(C)CC1,1
COc1cc2c(Oc3ccc4[nH]c(C)cc4c3F)ncnc2cc1OCCCN1CCCC1,1
COc1cc2c(cc1OC)C1CC(=O)C(CC(C)C)CN1CC2,1
COc1cc2ncnc(Nc3ccc(F)c(Cl)c3)c2cc1OCCCN1CCOCC1,1
COc1ccc(-c2ccc3cc(C(=O)O)ccc3c2)cc1C12CC3CC(CC(C3)C1)C2,1
COc1ccc(-n2nc(C(N)=O)c3c2C(=O)N(c2ccc(N4CCCCC4=O)cc2)CC3)cc1,1
COc1ccc(C(=O)N2CCCC2=O)cc1,0
COc1ccc(C(=O)Nc2ccccc2CCC2CCCCN2C)cc1,1
COc1ccc(C(=O)c2ccccc2)c(O)c1,0
COc1ccc(C(CN(C)C)C2(O)CCCCC2)cc1,1
COc1ccc(C(Cl)=C(c2ccc(OC)cc2)c2ccc(OC)cc2)cc1,1
COc1ccc(C2C(=O)c3ccccc3C2=O)cc1,1
COc1ccc(C2Sc3ccccc3N(CCN(C)C)C(=O)C2OC(C)=O)cc1,1
COc1ccc(CC(C)NCC(O)c2ccc(O)c(NC=O)c2)cc1,0
COc1ccc(CCN(C)CCCC(C#N)(c2ccc(OC)c(OC)c2)C(C)C)cc1OC,1
COc1ccc(CCNCC(O)COc2cccc(C)c2)cc1OC,0
COc1ccc(CN(CCN(C)C)c2ccccn2)cc1,0
COc1ccc(Cc2nccc3cc(OC)c(OC)cc23)cc1OC,1
COc1ccc(Cl)cc1C(=O)NCCc1ccc(S(=O)(=O)NC(=O)NC2CCCCC2)cc1,1
COc1ccc(OC)c(C(O)C(C)N)c1,0
COc1ccc(OC)c(C(O)CNC(=O)CN)c1,0
COc1ccc(OC)c(Cc2cnc3nc(N)nc(N)c3c2C)c1,1
COc1ccc2c(C(=S)N(C)CC(=O)O)cccc2c1C(F)(F)F,1
COc1ccc2c(c1)C(=O)N(CCc1ccc(S(=O)(=O)NC(=O)NC3CCCCC3)cc1)C(=O)C2(C)C,0
COc1ccc2c(c1)C13CCCCC1C(C2)N(C)CC3,0
COc1ccc2c(c1)c(CC(=O)O)c(C)n2C(=O)c1ccc(Cl)cc1,1
COc1ccc2c(c1)c(CC(=O)OCC(=O)O)c(C)n2C(=O)c1ccc(Cl)cc1,1
COc1ccc2c3c1OC1C(=O)CCC4C(C2)N(C)CCC314,0
COc1ccc2c3c1OC1C(O)C=CC4C(C2)N(C)CCC341,0
COc1ccc2cc(CCC(C)=O)ccc2c1,1
COc1ccc2cc([C@H](C)C(=O)O)ccc2c1,1
COc1ccc2cccc(CCNC(C)=O)c2c1,1
COc1cccc2c1C(=O)c1c(O)c3c(c(O)c1C2=O)CC(O)(C(=O)CO)CC3OC1CC(N)C(O)C(C)O1,1
COc1cccc2c1C(=O)c1c(O)c3c(c(O)c1C2=O)C[C@@](O)(C(=O)CO)C[C@@H]3O[C@H]1C[C@H](N)[C@@H](O)[C@H](C)O1,0
COc1cccc2c1C(=O)c1c(O)c3c(c(O)c1C2=O)C[C@@](O)(C(=O)CO)C[C@@H]3O[C@H]1C[C@H](N)[C@H](O)[C@H](C)O1,0
COc1ccccc1O,0
COc1ccccc1OCC(O)CN1CCN(CC(=O)Nc2c(C)cccc2C)CC1,1
COc1ccccc1OCC(O)CO,0
COc1ccccc1OCC(O)COC(N)=O,1
COc1ccccc1Oc1c(NS(=O)(=O)c2ccc(C(C)(C)C)cc2)nc(-c2ncccn2)nc1OCCO,1
COc1nc(C)nc(Cl)c1NC1=NCCN1,1
CS(=O)(=O)CCNCc1ccc(-c2ccc3ncnc(Nc4ccc(OCc5cccc(F)c5)c(Cl)c4)c3c2)o1,1
CS(=O)(=O)Nc1ccc([N+](=O)[O-])cc1Oc1ccccc1,1
CS(=O)(=O)c1ccc(C(=O)Nc2ccc(Cl)c(-c3ccccn3)c2)c(Cl)c1,1
CS(=O)(=O)c1ccc(C2=C(c3ccccc3)C(=O)OC2)cc1,1
CSCCC(N)C(=O)O,0
CSc1ccc(C(=O)c2[nH]c(=O)[nH]c2C)cc1,1
C[C@@H]1C[C@H]2[C@@H]3CCC4=CC(=O)C=C[C@]4(C)[C@@]3(F)[C@@H](O)C[C@]2(C)[C@@]1(O)C(=O)CO,0
C[C@H](CCC(=O)O)[C@H]1CC[C@H]2[C@@H]3[C@@H](O)C[C@@H]4C[C@H](O)CC[C@]4(C)[C@H]3CC[C@@]21C,1
C[C@H](CCC(=O)O)[C@H]1CC[C@H]2[C@H]3[C@H](CC[C@@]21C)[C@@]1(C)CC[C@@H](O)C[C@H]1C[C@H]3O,1
C[C@H](CS)C(=O)N1CCC[C@H]1C(=O)O,1
C[C@H]1COc2c(N3CCN(C)CC3)c(F)cc3c(=O)c(C(=O)O)cn1c23,1
C[C@H]1C[C@H]2[C@@H]3CCC4=CC(=O)C=C[C@]4(C)[C@@]3(F)[C@@H](O)C[C@]2(C)[C@@]1(O)C(=O)CO,0
C[C@H]1O[C@@H](O[C@H]2[C@@H](O)C[C@H](O[C@H]3[C@@H](O)C[C@H](O[C@H]4CC[C@]5(C)[C@H]6C[C@@H](O)[C@]7(C)[C@@H](C8=CC(=O)OC8)CC[C@]7(O)[C@@H]6CC[C@@H]5C4)O[C@@H]3C)O[C@@H]2C)C[C@H](O)[C@@H]1O,0
C[C@](N)(Cc1ccc(O)c(O)c1)C(=O)O,1
C[C@]12CC(=O)[C@H]3[C@@H](CCC4=CC(=O)C=C[C@@]43C)[C@@H]1CC[C@]2(O)C(=O)CO,1
C[C@]12CC[C@@H]3c4ccc(O)cc4CC[C@H]3[C@@H]1CCC2=O,1
C[C@]12CC[C@@H]3c4ccc(O)cc4CC[C@H]3[C@@H]1CC[C@@H]2O,1
C[N+](C)(C)CC(=O)[O-],0
C[N+](C)(C)CC(O)CC(=O)[O-],0
C[N+](C)(C)CCCCCCCCCC[N+](C)(C)C,0
C[N+](C)(C)CCO,0
C[N+](C)(C)CCOC(=O)CCC(=O)OCC[N+](C)(C)C,0
C[N+](C)(CCCCCC[N+](C)(C)C1c2ccccc2-c2ccccc21)C1c2ccccc2-c2ccccc21,0
C[N+]1(C)C2CCC1CC(OC(=O)C(O)c1ccccc1)C2.[Br-],0
C[N+]1(C)CCCC(OC(=O)C(O)(c2ccccc2)c2ccccc2)C1,0
C[N+]1(CCCCC[N+]2(C)CCCC2)CCCC1,0
C[NH+](C)CCOC(c1ccccc1)c1ccccc1.Cn1c2nc(Cl)nc-2c([O-])n(C)c1=O,0
Cc1c(-c2ccc(-c3ccccc3F)cc2)nc2ccc(F)cc2c1C(=O)O,1
Cc1c(-c2ccccc2)oc2c(C(=O)OCCN3CCCCC3)cccc2c1=O,0
Cc1c(C(=O)NN2CCCCC2)nn(-c2ccc(Cl)cc2Cl)c1-c1ccc(Cl)cc1,0
Cc1c(C)c2c(c(C)c1O)CCC(C)(COc1ccc(CC3SC(=O)NC3=O)cc1)O2,1
Cc1c(Cl)cccc1Nc1ccccc1C(=O)O,1
Cc1c(F)c(N2CCNC(C)C2)cc2c1c(=O)c(C(=O)O)cn2C1CC1,1
Cc1c([N+](=O)[O-])cc([N+](=O)[O-])cc1[N+](=O)[O-],1
Cc1c2oc3c(C)ccc(C(=O)N[C@@H]4C(=O)N[C@H](C(C)C)C(=O)N5CCC[C@H]5C(=O)N(C)CC(=O)N(C)[C@@H](C(C)C)C(=O)O[C@@H]4C)c3nc-2c(C(=O)N[C@@H]2C(=O)N[C@H](C(C)C)C(=O)N3CCC[C@H]3C(=O)N(C)CC(=O)N(C)[C@@H](C(C)C)C(=O)O[C@@H]2C)c(N)c1=O,1
Cc1cc(-c2ccccc2)nnc1NCCN1CCOCC1,0
Cc1cc(=O)n(-c2ccccc2)n1C,0
Cc1cc(C#N)cc(C)c1Oc1nc(Nc2ccc(C#N)cc2)nc(N)c1Br,1
Cc1cc(C(=O)NCCc2ccc(S(=O)(=O)NC(=O)NN3CCCCCC3)cc2)no1,0
Cc1cc(C(=O)NNCc2ccccc2)no1,1
Cc1cc(C(C)(C)C)cc(C)c1CC1=NCCN1,1
Cc1cc(C)nc(NS(=O)(=O)c2ccc(N)cc2)n1,0
Cc1cc(NS(=O)(=O)c2ccc(N)cc2)no1,1
Cc1cc(OP(=O)([O-])[O-])c2ccccc2c1OP(=O)([O-])[O-].[Na+].[Na+].[Na+].[Na+],1
Cc1cc2c(OCC(CNC(C)(C)C)OC(=O)c3ccccc3)cccc2[nH]1,0
Cc1ccc(-c2cc(C(F)(F)F)nn2-c2ccc(S(N)(=O)=O)cc2)cc1,1
Cc1ccc(-c2nc3ccc(C)cn3c2CC(=O)N(C)C)cc1,1
Cc1ccc(-c2ncc(Cl)cc2-c2ccc(S(C)(=O)=O)cc2)cn1,0
Cc1ccc(=O)n(-c2ccccc2)c1,1
Cc1ccc(C(=CCN2CCCC2)c2ccccn2)cc1,0
Cc1ccc(C(=O)c2cc(O)c(O)c([N+](=O)[O-])c2)cc1,1
Cc1ccc(C(=O)c2ccc(CC(=O)O)n2C)cc1,1
Cc1ccc(C)c(OCCCC(C)(C)C(=O)O)c1,1
Cc1ccc(Cl)c(Nc2ccccc2C(=O)O)c1Cl,1
Cc1ccc(Cl)c(OCC(O)CNC(C)(C)C)c1,0
Cc1ccc(NC(=O)c2ccc(CN3CCN(C)CC3)cc2)cc1Nc1nccc(-c2cccnc2)n1,1
Cc1ccc(Nc2c(F)cccc2Cl)c(CC(=O)O)c1,1
Cc1ccc(Nc2nccc(N(C)c3ccc4c(C)n(C)nc4c3)n2)cc1S(N)(=O)=O,1
Cc1ccc(S(=O)(=O)NC(=O)NN2CC3CCCC3C2)cc1,1
Cc1ccc(S(=O)(=O)NC(=O)NN2CCCCCC2)cc1,1
Cc1cccc(C)c1OCC(C)N,1
Cc1cccc(CN2CCN(C(c3ccccc3)c3ccc(Cl)cc3)CC2)c1,0
Cc1cccc(N(C)C(=S)Oc2ccc3ccccc3c2)c1,0
Cc1cccc(Nc2ccccc2C(=O)O)c1C,1
Cc1cccc(Nc2ccncc2S(=O)(=O)NC(=O)NC(C)C)c1,1
Cc1ccccc1C(OCCN(C)C)c1ccccc1,0
Cc1ccccc1N1C(=O)c2cc(S(N)(=O)=O)c(Cl)cc2NC1C,1
Cc1ccnc(NS(=O)(=O)c2ccc(N)cc2)n1,1
Cc1ccnc2c1NC(=O)c1cccnc1N2C1CC1,1
Cc1cn(C2C=CC(CO)O2)c(=O)[nH]c1=O,1
Cc1cn([C@H]2C=C[C@@H](CO)O2)c(=O)[nH]c1=O,1
Cc1cnc(C(=O)NCCc2ccc(S(=O)(=O)NC(=O)NC3CCCCC3)cc2)cn1,1
Cc1cnc(NC(=O)C2=C(O)c3ccccc3S(=O)(=O)N2C)s1,1
Cc1nc(-c2ccc(OCC(C)C)c(C#N)c2)sc1C(=O)O,1
Cc1nc(C)c2c(n1)N(Cc1ccc(-c3ccccc3-c3nn[nH]n3)cc1)C(=O)CC2,1
Cc1nc(Nc2ncc(C(=O)Nc3c(C)cccc3Cl)s2)cc(N2CCN(CCO)CC2)n1,1
Cc1nc2n(c(=O)c1CCN1CCC(c3noc4cc(F)ccc34)CC1)CCCC2,1
Cc1ncc(CO)c(C=O)c1O,0
Cc1ncc(CO)c(CO)c1O,0
Cc1ncc(COP(=O)(O)O)c(C=O)c1O,0
Cc1ncc(C[n+]2csc(CCO)c2C)c(N)n1,0
Cc1ncc2n1-c1ccc(Cl)cc1C(c1ccccc1F)=NC2,0
Cc1nnc(NS(=O)(=O)c2ccc(N)cc2)s1,1
Cc1nnc2n1-c1ccc(Cl)cc1C(c1ccccc1)=NC2,1
Cc1nnc2n1-c1ccc(Cl)cc1C(c1ccccc1Cl)=NC2,1
Cc1onc(-c2c(Cl)cccc2Cl)c1C(=O)NC1C(=O)N2C1SC(C)(C)C2C(=O)O,1
Cc1onc(-c2ccccc2)c1-c1ccc(S(N)(=O)=O)cc1,1
Cc1onc(-c2ccccc2Cl)c1C(=O)NC1C(=O)N2C1SC(C)(C)C2C(=O)O,1
Cc1oncc1C(=O)Nc1ccc(C(F)(F)F)cc1,1
ClC1C(Cl)C(Cl)C(Cl)C(Cl)C1Cl,0
Clc1ccc(C(Cn2ccnc2)OCc2ccsc2Cl)c(Cl)c1,0
Clc1ccc(COC(Cn2ccnc2)c2ccc(Cl)cc2Cl)c(Cl)c1,0
Clc1ccc2c(c1)C(N1CCNCC1)=Nc1ccccc1O2,1
Clc1ccc2c(c1)C(c1ccccc1)=NCc1nncn1-2,1
Clc1ccc2c(c1)CCc1cccnc1C2=C1CCNCC1,1
Clc1cccc(Cl)c1NC1=NCCN1,1
Clc1ccccc1C(c1ccccc1)(c1ccccc1)n1ccnc1,1
Clc1ccccc1CN1CCc2sccc2C1,1
Cn1c(=O)c2c(ncn2CC(O)CO)n(C)c1=O,0
Cn1c(=O)c2nc[nH]c2n(C)c1=O,0
Cn1cc[nH]c1=S,1
Cn1cnc([N+](=O)[O-])c1Sc1ncnc2nc[nH]c12,1
Cn1nnnc1SCC1=C(C(=O)O)N2C(=O)C(NC(=O)C(O)c3ccccc3)C2SC1,1
FC(F)(F)C(Cl)Br,1
FC(F)OC(Cl)C(F)(F)F,1
FC(F)OC(F)(F)C(F)Cl,1
FC(F)OC(F)C(F)(F)F,1
FCOC(C(F)(F)F)C(F)(F)F,1
Fc1ccc([C@@H]2CCNC[C@H]2COc2ccc3c(c2)OCO3)cc1,1
Fc1ccccc1C1=NCC(=S)N(CC(F)(F)F)c2ccc(Cl)cc21,1
N#CCCN1C(=O)C(O)N=C(c2ccccc2F)c2cc(Cl)ccc21,0
N#Cc1ccc(C(c2ccc(C#N)cc2)n2cncn2)cc1,1
N#Cc1ccc2c(c1)N(CCCN1CCC(O)CC1)c1ccccc1S2,1
N#Cc1ccccc1-c1cc(-c2ccccn2)cn(-c2ccccc2)c1=O,1
N=C(N)N1CCc2ccccc2C1,0
N=C(N)NCCC[C@H](N)C(=O)O,0
NC(=O)Cc1cccc(C(=O)c2ccccc2)c1N,0
NC(=O)N1c2ccccc2C=Cc2ccccc21,1
NC(=O)N1c2ccccc2CC(=O)c2ccccc21,1
NC(=O)NC(=O)Cc1ccccc1,1
NC(=O)NO,1
NC(=O)OCC(COC(N)=O)c1ccccc1,1
NC(=O)c1cccnc1,1
NC(=O)c1cn(Cc2c(F)cccc2F)nn1,1
NC(=O)c1cnccn1,1
NC(=O)c1ncn([C@@H]2O[C@H](CO)[C@@H](O)[C@H]2O)n1,1
NC(Cc1cc(I)c(Oc2ccc(O)c(I)c2)c(I)c1)C(=O)O,0
NC(N)=NC(=O)c1nc(Cl)c(N)nc1N,1
NC(N)=NC(N)=NCCc1ccccc1,0
NC(N)=NCCN1CCCCCCC1,0
NC(N)=Nc1nc(CSCC/C(N)=N/S(N)(=O)=O)cs1,1
NC(N)=Nc1nc(CSCCC(N)=NS(N)(=O)=O)cs1,1
NC(N)=O,0
NC1C2CN(c3nc4c(cc3F)c(=O)c(C(=O)O)cn4-c3ccc(F)cc3F)CC12,1
NCC(=O)O,0
NCC(CC(=O)O)c1ccc(Cl)cc1,1
NCC(O)c1ccc(O)c(O)c1,0
NCC1OC(OC2C(CO)OC(OC3C(O)C(N)CC(N)C3OC3OC(CO)C(O)C(O)C3N)C2O)C(N)C(O)C1O,0
NCCC(O)(P(=O)(O)O)P(=O)(O)O,0
NCCC(O)C(=O)NC1CC(N)C(OC2OC(CN)C(O)C(O)C2O)C(O)C1OC1OC(CO)C(O)C(N)C1O,0
NCCCC(=O)O,0
NCCCC(O)(P(=O)(O)O)P(=O)(O)O,0
NCCCCCC(=O)O,0
NCCCC[C@H](N[C@@H](CCc1ccccc1)C(=O)O)C(=O)N1CCC[C@H]1C(=O)O,1
NCCCNCCCCNCCCN,0
NCCc1ccc(O)c(O)c1,0
NCCc1ccn[nH]1,0
NC[C@H]1O[C@H](O[C@@H]2[C@@H](N)C[C@@H](N)[C@H](O[C@H]3O[C@H](CO)[C@@H](O)[C@H](N)[C@H]3O)[C@H]2O)[C@H](N)C[C@@H]1O,1
NCc1ccc(S(N)(=O)=O)cc1,0
NNC(=O)c1ccncc1,1
NNCCc1ccccc1,0
NS(=O)(=O)Cc1noc2ccccc12,1
NS(=O)(=O)c1cc(C(=O)O)c(NCc2ccco2)cc1Cl,1
NS(=O)(=O)c1cc(C2(O)NC(=O)c3ccccc32)ccc1Cl,1
NS(=O)(=O)c1cc(Cl)c(Cl)c(S(N)(=O)=O)c1,0
NS(=O)(=O)c1cc2c(cc1C(F)(F)F)NC(Cc1ccccc1)NS2(=O)=O,1
NS(=O)(=O)c1cc2c(cc1C(F)(F)F)NCNS2(=O)=O,1
NS(=O)(=O)c1cc2c(cc1Cl)NC(C(Cl)Cl)NS2(=O)=O,1
NS(=O)(=O)c1cc2c(cc1Cl)NC(C1CC3C=CC1C3)NS2(=O)=O,1
NS(=O)(=O)c1cc2c(cc1Cl)NC(CSCc1ccccc1)=NS2(=O)=O,1
NS(=O)(=O)c1cc2c(cc1Cl)NCNS2(=O)=O,1
NS(=O)(=O)c1ccc(N2CCCCS2(=O)=O)cc1,1
N[C@@H](C(=O)N[C@@H]1C(=O)N2C(C(=O)O)=C(Cl)CC[C@H]12)c1ccccc1,0
N[C@@H](Cc1cc(I)c(Oc2ccc(O)c(I)c2)c(I)c1)C(=O)O,0
N[C@@H](Cc1ccc(O)c(O)c1)C(=O)O,0
N[C@H]1[C@@H]2CN(c3nc4c(cc3F)c(=O)c(C(=O)O)cn4-c3ccc(F)cc3F)C[C@H]12,1
Nc1[nH]c(=O)ncc1F,1
Nc1c(CC(=O)O)cccc1C(=O)c1ccc(Br)cc1,1
Nc1cc(-c2ccncc2)c[nH]c1=O,1
Nc1ccc(C(=O)O)c(O)c1,1
Nc1ccc(C(=O)O)cc1,0
Nc1ccc(N=Nc2ccccc2)c(N)n1,0
Nc1ccc(O)c(C(=O)O)c1,1
Nc1ccc(S(=O)(=O)Nc2ccnn2-c2ccccc2)cc1,1
Nc1ccc(S(=O)(=O)c2ccc(N)cc2)cc1,1
Nc1ccc(S(N)(=O)=O)cc1,1
Nc1ccc2cc3ccc(N)cc3nc2c1,0
Nc1cccc2c1CN(C1CCC(=O)NC1=O)C2=O,1
Nc1ccn(C2OC(CO)C(O)C2O)c(=O)n1,1
Nc1ccn([C@H]2CC[C@@H](CO)O2)c(=O)n1,0
Nc1ccncc1,1
Nc1nc(Cl)nc2c1ncn2[C@H]1C[C@H](O)[C@@H](CO)O1,0
Nc1nc(N)c2nc(-c3ccccc3)c(N)nc2n1,1
Nc1nc(NC2CC2)c2ncn([C@H]3C=C[C@@H](CO)C3)c2n1,1
Nc1nc2ccc(OC(F)(F)F)cc2s1,1
Nc1ncn([C@@H]2O[C@H](CO)[C@@H](O)[C@H]2O)c(=O)n1,1
Nc1ncnc2c1ncn2[C@@H]1O[C@H](CO)[C@@H](O)[C@@H]1O,0
Nc1ncnc2c1ncn2[C@@H]1O[C@H](CO)[C@@H](O)[C@H]1O,0
Nc1ncnc2nc[nH]c12,0
Nc1nnc(-c2cccc(Cl)c2Cl)c(N)n1,1
O=C(CCCCCCC(=O)Nc1ccccc1)NO,1
O=C(CCCN1CC=C(n2c(=O)[nH]c3ccccc32)CC1)c1ccc(F)cc1,0
O=C(CCCN1CCC(O)(c2ccc(Cl)cc2)CC1)c1ccc(F)cc1,1
O=C(CCNNC(=O)c1ccncc1)NCc1ccccc1,1
O=C(NCCN1CCOCC1)c1ccc(Cl)cc1,1
O=C(Nc1c(Cl)cncc1Cl)c1ccc(OC(F)F)c(OCC2CC2)c1,1
O=C(Nc1cccc2c(=O)cc(-c3nn[nH]n3)oc12)c1ccc(OCCCCc2ccccc2)cc1,1
O=C(O)C(Cl)Cl,0
O=C(O)C1N=C(c2ccccc2)c2cc(Cl)ccc2NC1=O,1
O=C(O)CCC(=O)O,0
O=C(O)CCCCCCCC(=O)O,1
O=C(O)CCCC[C@@H]1SC[C@@H]2NC(=O)N[C@H]12,0
O=C(O)CCc1nc(-c2ccccc2)c(-c2ccccc2)o1,1
O=C(O)CN1C(=O)c2cccc3cccc(c23)C1=O,1
O=C(O)CO,0
O=C(O)COC(=O)Cc1ccccc1Nc1c(Cl)cccc1Cl,1
O=C(O)Cc1ccc(-c2ccccc2)cc1,1
O=C(O)Cc1ccccc1Nc1c(Cl)cccc1Cl,1
O=C(O)Cc1nn(Cc2nc3cc(C(F)(F)F)ccc3s2)c(=O)c2ccccc12,1
O=C(O)Cn1c(=O)n(Cc2ccc(Br)cc2F)c(=O)c2ccc(Cl)cc21,1
O=C(O)Cn1cc(Cc2nc3c(F)c(F)cc(F)c3s2)c2ccccc21,1
O=C(O)P(=O)(O)O,0
O=C(O)c1cc(-c2ccc(F)cc2F)ccc1O,1
O=C(O)c1cc(=O)c2c(OCC(O)COc3cccc4oc(C(=O)O)cc(=O)c34)cccc2o1,0
O=C(O)c1ccccc1,0
O=C(O)c1ccccc1Nc1cccc(C(F)(F)F)c1,1
O=C(O)c1ccccc1O,0
O=C(O)c1cccnc1,1
O=C(O)c1cccnc1Nc1cccc(C(F)(F)F)c1,1
O=C(O)c1cn(C2CC2)c2cc(N3CCNCC3)c(F)cc2c1=O,1
O=C(O)c1nn(Cc2ccc(Cl)cc2Cl)c2ccccc12,1
O=C(OCCN1CCN(c2cccc(C(F)(F)F)c2)CC1)c1ccccc1Nc1ccnc2cc(C(F)(F)F)ccc12,1
O=C(OCCN1CCOCC1)c1cccnc1Nc1cccc(C(F)(F)F)c1,0
O=C(Oc1ccccc1C(=O)O)c1ccccc1O,1
O=C(c1ccc(OCCN2CCCCC2)cc1)c1c(-c2ccc(O)cc2)sc2cc(O)ccc12,1
O=C(c1ccccc1)c1ccc2n1CCC2C(=O)O,1
O=C(c1ccccc1)c1ccccc1,0
O=C1C(=O)c2ccccc2C(O)=C1C1CCC(c2ccc(Cl)cc2)CC1,1
O=C1C(CCS(=O)c2ccccc2)C(=O)N(c2ccccc2)N1c1ccccc1,0
O=C1C(CC[S+]([O-])c2ccccc2)C(=O)N(c2ccccc2)N1c1ccccc1,1
O=C1CCC(N2C(=O)c3ccccc3C2=O)C(=O)N1,1
O=C1CCCC(=O)C1C(=O)c1ccc(C(F)(F)F)cc1[N+](=O)[O-],1
O=C1CC[C@@]2(O)[C@H]3Cc4ccc(O)c5c4[C@@]2(CCN3CC2CC2)[C@H]1O5,1
O=C1CCc2ccc(OCCCCN3CCN(c4cccc(Cl)c4Cl)CC3)cc2N1,1
O=C1CN=C(c2ccccc2)c2cc(Cl)ccc2N1CC(F)(F)F,1
O=C1CN=C(c2ccccc2)c2cc(Cl)ccc2N1CC1CC1,1
O=C1CN=C(c2ccccc2)c2cc([N+](=O)[O-])ccc2N1,1
O=C1CN=C(c2ccccc2Cl)c2cc([N+](=O)[O-])ccc2N1,1
O=C1N(Cc2ccccc2)C2C[S+]3CCCC3C2N1Cc1ccccc1,0
O=C1N=C(O)NC1(c1ccccc1)c1ccccc1,1
O=C1NC(=O)C(c2ccccc2)(c2ccccc2)N1,1
O=C1NCCN1CCN1CCC(c2cn(-c3ccc(F)cc3)c3ccc(Cl)cc23)CC1,0
O=C1NCN(c2ccccc2)C12CCN(CCCC(c1ccc(F)cc1)c1ccc(F)cc1)CC2,1
O=C1Nc2ccc(Cl)cc2C(c2ccccc2)=NC1O,1
O=C1Nc2ccc(Cl)cc2C(c2ccccc2Cl)=NC1O,1
O=C1OC(OC(=O)c2cccnc2Nc2cccc(C(F)(F)F)c2)c2ccccc21,1
O=C1OC(c2ccc(O)cc2)(c2ccc(O)cc2)c2ccccc21,1
O=C1O[C@H]([C@@H](O)CO)C(O)=C1O,0
O=C1c2c(O)ccc(O)c2C(=O)c2c(NCCNCCO)ccc(NCCNCCO)c21,1
O=C1c2c(O)cccc2Cc2cccc(O)c21,0
O=C1c2ccccc2C(=O)C1c1ccccc1,1
O=NN(CCCl)C(=O)NC1CCCCC1,1
O=NN(CCCl)C(=O)NCCCl,1
O=P(O)(O)C(O)(Cn1ccnc1)P(=O)(O)O,1
O=P1(N(CCCl)CCCl)NCCCO1,1
O=P1(NCCCl)OCCCN1CCCl,1
O=[N+]([O-])OCC(CO[N+](=O)[O-])O[N+](=O)[O-],1
O=[N+]([O-])O[C@H]1CO[C@H]2[C@@H]1OC[C@H]2O[N+](=O)[O-],0
O=[N+]([O-])c1cc([N+](=O)[O-])c(O)c([N+](=O)[O-])c1,1
O=[N+]([O-])c1ccc(O)c2ncccc12,0
O=[N+]([O-])c1cccc([N+](=O)[O-])c1,1
O=c1[nH]c(=O)n(C2CC(O)C(CO)O2)cc1F,1
O=c1[nH]c(=O)n(C2CC(O)C(CO)O2)cc1I,1
O=c1[nH]c(=O)n([C@H]2C[C@H](O)[C@@H](CO)O2)cc1F,1
O=c1[nH]c(=O)n([C@H]2C[C@H](O)[C@@H](CO)O2)cc1I,1
O=c1[nH]c2cc(Cl)ccc2o1,1
O=c1[nH]c2ccccc2n1CCCN1CCC(n2c(=O)[nH]c3cc(Cl)ccc32)CC1,1
O=c1[nH]cc(F)c(=O)[nH]1,1
O=c1ccc2ccccc2o1,0
O=c1n(CCCN2CCN(c3cccc(Cl)c3)CC2)nc2ccccn12,1
O=c1oc2ccccc2c(O)c1Cc1c(O)c2ccccc2oc1=O,0
OC(CCN1CCCC1)(c1ccccc1)C1CCCCC1,0
OC(CCN1CCCCC1)(c1ccccc1)C1CC2C=CC1C2,0
OC(CCN1CCCCC1)(c1ccccc1)C1CCCC1,0
OC(CCN1CCCCC1)(c1ccccc1)C1CCCCC1,0
OC(Cn1cncn1)(Cn1cncn1)c1ccc(F)cc1F,1
OC(c1cc(C(F)(F)F)nc2c(C(F)(F)F)cccc12)C1CCCCN1,0
OC1(c2ccc(Cl)cc2)c2ccccc2C2=NCCN21,0
OC1C(O)C(O)C(O)C(O)C1O,0
OCC(O)CO,0
OCCN1CCN(CCCN2c3ccccc3Sc3ccc(Cl)cc32)CC1,1
OCCOCCN1CCN(C(c2ccccc2)c2ccc(Cl)cc2)CC1,0
OC[C@H](O)[C@@H](O)[C@H](O)[C@H](O)CO,0
O[C@H]1[C@H](O)[C@@H](O)[C@H](O)[C@@H](O)[C@H]1O,0
Oc1cc(Cl)ccc1Oc1ccc(Cl)cc1Cl,0
Oc1ccc(Cl)cc1,0
Oc1ccc(O)cc1,0
Oc1ccc(OCc2ccccc2)cc1,0
S=c1nc[nH]c2nc[nH]c12,1
Sc1ncnc2nc[nH]c12,1
[C-]#N.[C-]#N.[C-]#N.[C-]#N.[C-]#N.[Fe+4].[N-]=O,0
[Li+],0
c1cc(CN2CCCNCCNCCCNCC2)ccc1CN1CCCNCCNCCCNCC1,1
c1ccc(CN(CC2=NCCN2)c2ccccc2)cc1,1
c1ccc2[nH]c(-c3cscn3)nc2c1,1
c1ccc2c(CC3=NCCN3)cccc2c1,0
c1ccc2c(c1)Sc1ccccc1N2CC1CN2CCC1CC2,1
c1cnc(N2CCN(Cc3ccc4c(c3)OCO4)CC2)nc1,1
c1nc[nH]n1,0
